concentration,pre-rRNA level,Area
0.25,0.136586171,0.7312
0.125,0.326514833,0.4347
0.0625,0.3774715,0.3255
0,1,0.107
