concentration,pre-rRNA level,Area
1,0.175498233,0.6544
0.5,0.256367046,0.3058
0.25,0.364720327,0.2171
0,1,0.1155
